,index,Age_No,Lab_No,Sample_No,Age,Error_Plus,Error_Minus,Age_Method,Age_Interpretation,Age_Note,Age_Material,Age_Technique,Age_Qualifier,Geological_Province,Province,Latitude,Longitude,Location,Geological_Info,Rock_Type,Rock_Description,References,LastUpdated
0,5840,40910,-11479,C-96-5,977.0,3.0,3.0,U/Pb,Metamorphic,"4 fractions analyzed, concordant to slightly discordant, age is lower limit of 207Pb/206Pb ages. See separate age entry for lower limit (goes to indicate metamorphism episodic).",Monazite,TIMS,Direct,Grenville Province,ON,46.60991,-80.58343,"Street Township, near Grenville Fault",Grenville Front tectonic zone - unknown,Metamorphic,(rutile staurolite muscovite) kyanite garnet biotite plagioclase quartz gneiss,"Corfu, F. and Easton, R.M., 2000. U-Pb evidence for polymetamorphic history of Huronian rocks in the Grenville Front Tectonic Zone east of Sudbury, Ontario; Chemical Geology, v. 172,  p. 149-171 ",2005-09-15 00:01:46
1,15515,42591,-16739,CG93-027A,982.0,5.0,5.0,U/Pb,Metamorphic,"2 fractions, 1 is concordant with U-Pb ages as given. 207Pb/206Pb age is 985 ?5 Ma.",Monazite,TIMS,Estimate,Grenville Province,NL,51.76528,-56.5875,"Near Country Cat Pond, Labrador. Coordinates approximated from sketch map in report.",Pinware terrane - unknown,Plutonic,gneissic quartz monzonite,"Wasteneys, H.A., Kamo, S.L., Moser, D., Krogh, T.E., Gower, C.F. and Owen, J.V., 1997. U-Pb geochronological constraints on the geological evolution of the Pinware terrane and adjacent areas, Grenville Province, southeast Labrador, Canada; Precambrian Research, v. 81,  p. 101-128 ",2006-06-12 12:48:22
2,6148,40909,-11478,C-96-6,982.2,1.4,1.4,U/Pb,Metamorphic,"4 fractions analyzed, cluster on or just below concordia. This age is weighted mean 207Pb/206Pb age of the 3 younger fractions; two ages are given on basis that metamorphic monazite growth was likely episodic.",Monazite,TIMS,Estimate,Grenville Province,ON,46.61098,-80.58303000000001,"Street Township, near Grenville Fault",Grenville Front tectonic zone - unknown,Metamorphic,(rutile kyanite staurolite) garnet biotite muscovite plagioclase quartz schist,"Corfu, F. and Easton, R.M., 2000. U-Pb evidence for polymetamorphic history of Huronian rocks in the Grenville Front Tectonic Zone east of Sudbury, Ontario; Chemical Geology, v. 172,  p. 149-171 ",2005-09-14 23:55:03
3,8463,18244,-11478,C-96-6,987.0,3.0,3.0,U/Pb,Metamorphic,"4 fractions analyzed, cluster on or just below concordia. This age is for oldest 207Pb/206Pb age; two ages are given on basis that metamorphic monazite growth was likely episodic. Detrital zircon analyzed but all strongly discordant; not meaningful.",Monazite,TIMS,Estimate,Grenville Province,ON,46.61098,-80.58303000000001,"Street Township, near Grenville Fault",Grenville Front tectonic zone - unknown,Metamorphic,(rutile kyanite staurolite) garnet biotite muscovite plagioclase quartz schist,"Corfu, F. and Easton, R.M., 2000. U-Pb evidence for polymetamorphic history of Huronian rocks in the Grenville Front Tectonic Zone east of Sudbury, Ontario; Chemical Geology, v. 172,  p. 149-171 ",2005-09-14 23:55:35
4,8988,18388,-11563,Location 2a,988.0,2.0,2.0,U/Pb,Metamorphic,"Single monazite grain analysis, slighlty reversely discordant (-0.8%), age is 207Pb/235U age.",Monazite,TIMS,Direct,Grenville Province,ON,46.433370000000004,-80.81653,South of Sudbury. Coordinates approximated from regional-scale sketch map in report.,Grenville Front Tectonic Zone - NE trending mylonite zone,Plutonic,"white pegmatite, cataclastically deformed","Krogh, T.E., 1994. Precise U-Pb ages for Grenvillian and pre-Grenvillian thrusting of Proterozoic and Archean metamorphic assemblages in the Grenville Front tectonic zone, Canada; Tectonics, v. 13,  p. 963-982 ",2005-09-15 01:20:27
5,8179,18249,-11479,C-96-5,989.0,4.0,4.0,U/Pb,Metamorphic,"4 fractions analyzed, concordant to slightly discordant, age is upper limit of 207Pb/206Pb ages. See separate age entry for lower limit (goes to indicate metamorphism episodic).",Monazite,TIMS,Direct,Grenville Province,ON,46.60991,-80.58343,"Street Township, near Grenville Fault",Grenville Front tectonic zone - unknown,Metamorphic,(rutile staurolite muscovite) kyanite garnet biotite plagioclase quartz gneiss,"Corfu, F. and Easton, R.M., 2000. U-Pb evidence for polymetamorphic history of Huronian rocks in the Grenville Front Tectonic Zone east of Sudbury, Ontario; Chemical Geology, v. 172,  p. 149-171 ",2005-09-15 00:01:28
6,7405,17994,-11333,F-8,995.0,2.0,2.0,U/Pb,Metamorphic,"2 fractions (unabr), 1 is slightly reversely discordant (-1%), the other slightly discordant (0.7%). Age is upper intercept of line through both points (not a true regression, MSWD not applicable)",Monazite,TIMS,Direct,Grenville Province,QC,47.3048,-76.86719000000001,"On Hwy 117, 67 km S of Grenville Front. Coordinates interpolated from sketch map in report (by OGS compilers). To be verified to coordinates given in repository item",Reservoir Dozois terrane - unknown; Reservoir Dozois terrane,Plutonic,slightly foliated granite cutting metasediments; further details in repository item - not acquired at time of compilation,"Childe, F., Doig, R. and Gariepy, C., 1993. Monazite as a metamorphic chronometer, south of the Grenville Front, western Quebec; Canadian Journal of Earth Sciences, v. 30,  p. 1056-1065 ",2005-08-01 20:18:00
7,17894,21677,6084,99-PV-2133A,998.0,2.0,2.0,U/Pb,Metamorphic,Youngest of four monazite ages,Monazite,TIMS,Direct,Grenville Province,QC,50.28293,-62.55183,Sur le roadcut en Baie de Pontbriand,Complexe d'Aguanish - Granite porphyrique,Plutonic,"Granit gris feuillete, presque gneissique. Le granit recoupe des sediments du groupe de Wakeham.","Wodicka, N., David, J., Parent, M., Gobeil, A. and Verpaelst, P., 2002. Geochronologie U-Pb et Pb-Pb de la region de Sept-Iles - Natashquan, Province de Grenville, Moyenne Cote-Nord; Geologie et ressources minerales de la partie est de la Province de Grenville; Edited by Daniel Brisebois et Thomas Clark,  p. 59-118 ",2004-12-15 10:00:39
8,7403,17992,-11331,F-5,1000.0,8.0,8.0,U/Pb,Metamorphic,"4 fractions, discordant (1 - 3%), 3 are colinear, 4th just off trend (still touching one of the other 3). Age is mean 207Pb/206Pb age.",Monazite,TIMS,Direct,Grenville Province,QC,47.37341,-76.99248,On Hwy 117. Coordinates interpolated from sketch map in report (by OGS compilers). To be verified to coordinates given in repository item.,Reservoir Dozois terrane - unknown; Reservoir Dozois terrane,Metamorphic,gneiss; further details in repository item - not acquired at time of compilation,"Childe, F., Doig, R. and Gariepy, C., 1993. Monazite as a metamorphic chronometer, south of the Grenville Front, western Quebec; Canadian Journal of Earth Sciences, v. 30,  p. 1056-1065 ",2005-08-01 20:13:03
9,8064,18298,-11507,BUR44,1000.0,2.0,2.0,U/Pb,Metamorphic,"2 fractions, concordant and reversely discordant, age is 207Pb/206Pb age of the concordant fraction. Other one is 996 Ma (-0.3% disc)",Monazite,TIMS,Direct,Grenville Province,ON,46.478320000000004,-80.75887,No topographic reference given in report; located by UTM in appendix,Grenville Front Tectonic Zone - unknown,Metamorphic,pelitic schist,"Mezger, K., Essene, E.J., van der Pluijm, B.A. and Halliday, A.N., 1993. U-Pb geochronology of the Grenville Orogen of Ontario and New York: constraints on ancient crustal tectonics; Contributions to Mineralogy and Petrology, v. 114,  p. 13-26 ",2005-09-09 22:33:47
10,22361,23615,-14766,95-120,1004.0,2.0,2.0,U/Pb,Metamorphic,"2 fractions, slightly reversely discordant. Monazites have overgrowths indicating metamorphic origin. Age is 207Pb/206Pb age of the younger fraction (-0.6% discordant). Other fraction is 1027 ?1 Ma. ""maximum estimate"".",Monazite,TIMS,Maximum Estimate,Grenville Province,NL,50.06167,-56.93666999999999,Immediately downstream from the Cat Arm dam. Coordinates approximated from sketch map in report relative to online digital mapping of NGS.,"Long Range inlier (Grenvillian), in Humber Zone - Cat Arm Road gneiss",Plutonic,foliated medium-grained gray granite,"Heaman, L.M., Erdmer, P. and Owen, J.V., 2002. U-Pb geochronologic constraints on the crustal evolution of the Long Range Inlier, Newfoundland; Canadian Journal of Earth Sciences, v. 39,  p. 845-865 ",2005-02-26 18:58:45
11,7439,17996,-11334,F-9,1005.0,2.0,2.0,U/Pb,Peak Metamorphic,"5 fractions from 2 populations (have diff. chemical signatures). This age is for younger grouping, given by 2 fractions (concordant and 1.4% disordant). Age is upper intercept of ""regression"" on these two, 2nd pulse of metamorphism.",Monazite,TIMS,Direct,Grenville Province,QC,47.288140000000006,-76.83608000000001,On Hwy 117. Coordinates interpolated from sketch map in report (by OGS compilers). To be verified to coordinates given in repository item,Reservoir Dozois terrane - unknown; Reservoir Dozois terrane,Metamorphic,gneiss; further details in repository item - not acquired at time of compilation,"Childe, F., Doig, R. and Gariepy, C., 1993. Monazite as a metamorphic chronometer, south of the Grenville Front, western Quebec; Canadian Journal of Earth Sciences, v. 30,  p. 1056-1065 ",2005-08-01 20:25:28
12,7401,17988,-11330,F-4,1005.0,7.0,7.0,U/Pb,Metamorphic,"Large number of analyses cluster just below concordia to more discordant and scattered. Age is mean ""for those grains which did not appear to contain an inherited component"". No further details; data is a repository item.",Monazite,TIMS,Estimate,Grenville Province,QC,47.41175,-77.02637,On Hwy 117. Coordinates interpolated from sketch map in report (by OGS compilers). To be verified to coordinates given in repository item.,Reservoir Dozois terrane - unknown; Reservoir Dozois terrane,Metamorphic,gneiss; further details in repository item - not acquired at time of compilation,"Childe, F., Doig, R. and Gariepy, C., 1993. Monazite as a metamorphic chronometer, south of the Grenville Front, western Quebec; Canadian Journal of Earth Sciences, v. 30,  p. 1056-1065 ",2005-08-01 20:08:12
13,6512,40616,-15814,US-10,1005.0,2.0,2.0,U/Pb,Metamorphic,"5 fractions (abr), concordant to variably discordant, broadly colinear, but likely not within statistical validity (MSWD not reported). This age is mean (identical) 207Pb/206Pb age of 2 near-concordant points",Monazite,TIMS,Direct,Grenville Province,NL,53.668490000000006,-60.42135,"North shore of Grand Lake, Labrador. Coordinates interpolated from sketch map in report (by NGS compilers)",Groswater Bay terrane - Grand Lake Thrust System (footwall),Metamorphic,mylonitic paragneiss,"Philippe, S., Wardle, R.J. and Scharer, U., 1993. Labradorian and Grenvillian crustal evolution of the Goose Bay region, Labrador: new U - Pb geochronological constraints; Canadian Journal of Earth Sciences, v. 30,  p. 2315-2327 ",2005-07-25 19:55:04
14,7404,17993,-11332,F-6,1006.0,2.0,2.0,U/Pb,Metamorphic,"2 fractions (unabr), 1 is concordant, the other slightly discordant (1.8%). Age is mean (identical ) 207Pb/206Pb age.",Monazite,TIMS,Direct,Grenville Province,QC,47.35341,-76.9647,On Hwy 117. Coordinates interpolated from sketch map in report (by OGS compilers). To be verified to coordinates given in repository item.,Reservoir Dozois terrane - unknown; Reservoir Dozois terrane,Metamorphic,gneiss; further details in repository item - not acquired at time of compilation,"Childe, F., Doig, R. and Gariepy, C., 1993. Monazite as a metamorphic chronometer, south of the Grenville Front, western Quebec; Canadian Journal of Earth Sciences, v. 30,  p. 1056-1065 ",2005-08-01 20:14:45
15,17893,21676,6084,99-PV-2133A,1008.0,2.0,2.0,U/Pb,Metamorphic,oldest of four single grain monazite grains; two intermediate ages are 1005 Ma and 1000 Ma.  Continuous monazite growth is inferred from 1008 Ma to 998 Ma,Monazite,TIMS,Direct,Grenville Province,QC,50.28293,-62.55183,Sur le roadcut en Baie de Pontbriand,Complexe d'Aguanish - Granite porphyrique,Plutonic,"Granit gris feuillete, presque gneissique. Le granit recoupe des sediments du groupe de Wakeham.","Wodicka, N., David, J., Parent, M., Gobeil, A. and Verpaelst, P., 2002. Geochronologie U-Pb et Pb-Pb de la region de Sept-Iles - Natashquan, Province de Grenville, Moyenne Cote-Nord; Geologie et ressources minerales de la partie est de la Province de Grenville; Edited by Daniel Brisebois et Thomas Clark,  p. 59-118 ",2004-12-15 10:01:55
16,6258,41543,6713,CQA-00-111-P,1010.0,2.0,2.0,U/Pb,Metamorphic,"Weighted average 207Pb/235U age, N=2; 0.3% and 0.2% disc. A third concordant analysis yields 1001 ? 2 Ma.",Monazite,TIMS,Direct,Grenville Province,QC,50.6976,-61.11948,western shore of the western arm of the U-shape Musquaro lake,"Eastern Grenville - Grey, polymictic lapillistones, of intermediate composition",Volcanic,None,"van Breemen, O. and Corriveau, L., 2005. U-Pb age constraints on arenaceous and volcanic rocks of the Wakeham Group, eastern Grenville Province; Canadian Journal of Earth Sciences, v. 42 ",2005-12-07 16:44:35
17,5532,41257,-17053,MANIC71 (BZ1),1017.0,2.0,2.0,U/Pb,Metamorphic,"2 fractions (abr), concordant to near concordant, ellipses almost touch each other. Age is 207Pb/206Pb age of the older, more concordant fraction. The other has 207Pb/206Pb age of 1013 Ma.",Monazite,TIMS,Direct,Grenville Province,QC,51.64455,-68.32016999999999,E shore Manicougan reservoir.  The easting given in the paper is incorrect (plots ~1.5? too far west). New easting is approximate.,Tshenukutish terrane - Boundary Zone,Metamorphic,metapelite,"Indares, A. and Dunning, G., 2001. Partial melting of high-P-T metapelites from the Tshenukutish Terrane (Grenville Province): petrography and U-pb geochronology; Journal of Petrology, v. 42,  p. 1547-1565 ",2005-11-17 21:11:40
18,5569,41255,-17054,AI92-12 (BZ2),1019.0,2.0,2.0,U/Pb,Metamorphic,"2 fractions (abr), slightly reversely discordant (essentially concordant) and overlapping. Age is based all ages (U-Pb, Pb-Pb) as they overlap range defined by age / error.",Monazite,TIMS,Direct,Grenville Province,QC,51.778490000000005,-68.17322,E shore Manicougan reservoir.  The easting given in the paper is incorrect (plots ~1.5? too far west). New easting is approximate.,Tshenukutish terrane - Boundary Zone,Metamorphic,metapelite,"Indares, A. and Dunning, G., 2001. Partial melting of high-P-T metapelites from the Tshenukutish Terrane (Grenville Province): petrography and U-pb geochronology; Journal of Petrology, v. 42,  p. 1547-1565 ",2005-11-17 21:16:12
19,7440,17997,-11334,F-9,1020.0,3.0,3.0,U/Pb,Metamorphic,"5 fractions from 2 populations (have diff. chemical signatures). This age is for older group, consisting of 3 slightly discordant (0.7 - 1.5%) colinear points, age is upper intercept. 1st pulse of metamorphism. MSWD not reported; visually tight.",Monazite,TIMS,Direct,Grenville Province,QC,47.288140000000006,-76.83608000000001,On Hwy 117. Coordinates interpolated from sketch map in report (by OGS compilers). To be verified to coordinates given in repository item,Reservoir Dozois terrane - unknown; Reservoir Dozois terrane,Metamorphic,gneiss; further details in repository item - not acquired at time of compilation,"Childe, F., Doig, R. and Gariepy, C., 1993. Monazite as a metamorphic chronometer, south of the Grenville Front, western Quebec; Canadian Journal of Earth Sciences, v. 30,  p. 1056-1065 ",2005-08-01 20:26:47
20,8572,17728,2234,1381,1026.0,2.0,2.0,U/Pb,Metamorphic,"3 single-grain analyses, concordant and overlapping. Age is mean 207Pb/206Pb age of the 2 best fractions",Monazite,TIMS,Direct,Grenville Province,QC,45.59449,-75.6955,"600 m NW of Lac a la Perdrix and 300 m W of the Lac a la Perdrix-Lac Ronde road, Templeton Twp SW Quebec",Central Metasedimentary Belt - Lac a la Perdrix fenite,Metamorphic,fenite (magnesio-arfvedsonite-calcite-barite-albite-fluorapatite rock) (skarn),"Hogarth, D.D. and van Breemen, O., 1996. Geology and age of the Lac a la Perdrix fenite, southern Gatineau district, Quebec; Radiogenic Age and Isotopic Studies, Report 9, Geological Survey of Canada, Paper 1995-F,  p. 33-41 ",2005-05-17 22:39:50
21,17772,21698,-13608,96-PV-1230,1028.0,4.0,4.0,U/Pb,Metamorphic,207Pb/206Pb age of single monazite,Monazite,TIMS,Direct,Grenville Province,QC,51.263940000000005,-61.39252,"dans la partie nord du Complexe de Boulain, a quelques kilometres au nord du lac Poullet",Complexe de Boulain - Gneiss granitique,Plutonic,"Le Complexe de Boulain comprend un asemblage de gneiss de composition granitique a tonalitique par endroits et dans lesquels sont intercales du granite, du gabbro et de la pegmatitie deformes et metamorphoses","Wodicka, N., David, J., Parent, M., Gobeil, A. and Verpaelst, P., 2002. Geochronologie U-Pb et Pb-Pb de la region de Sept-Iles - Natashquan, Province de Grenville, Moyenne Cote-Nord; Geologie et ressources minerales de la partie est de la Province de Grenville; Edited by Daniel Brisebois et Thomas Clark,  p. 59-118 ",2004-12-16 10:37:41
22,5534,41259,-17052,MANIC320 (BNS3),1033.0,2.0,2.0,U/Pb,Metamorphic,"2 fractions (abr), concordant to near concordant, ellipses are well overlapping. Age is based all ages (U-Pb, Pb-Pb) as they overlap range defined by age / error.",Monazite,TIMS,Direct,Grenville Province,QC,51.65441,-68.49348,E shore Manicougan reservoir. The easting given in the paper is incorrect (plots ~1.5? too far west). New easting is approximate.,Tshenukutish terrane - Baie du Nord segment,Metamorphic,metapelite,"Indares, A. and Dunning, G., 2001. Partial melting of high-P-T metapelites from the Tshenukutish Terrane (Grenville Province): petrography and U-pb geochronology; Journal of Petrology, v. 42,  p. 1547-1565 ",2005-11-17 21:07:46
23,5535,41260,-17051,AI92-107 (BNS2),1033.0,2.0,2.0,U/Pb,Metamorphic,"2 fractions (abr), concordant to near concordant, ellipses partly overlap. Age is based all ages (U-Pb, Pb-Pb) as they overlap range defined by age / error.",Monazite,TIMS,Direct,Grenville Province,QC,51.69015,-68.44245,E shore Manicougan reservoir.,Tshenukutish terrane - Baie du Nord segment,Metamorphic,metapelite,"Indares, A. and Dunning, G., 2001. Partial melting of high-P-T metapelites from the Tshenukutish Terrane (Grenville Province): petrography and U-pb geochronology; Journal of Petrology, v. 42,  p. 1547-1565 ",2005-11-17 21:07:50
24,7538,18085,1260,87-DC-3,1035.0,1.0,1.0,U/Pb,Peak Metamorphic,2 near-concordant overlapping fractions (abr). Age is 207Pb/206Pb age of the younger fraction; other one is within error at 1037 ? 1 Ma. Cooling through 725?C,Monazite,TIMS,Direct,Grenville Province,ON,45.88482,-80.7434,"Small island just west of Key Harbour, Georgian Bay",Mesoproteozoic composite Arc allochthon - undivided gneiss,Metamorphic,migmatitic sillimanite kyanite K-feldspar garnet biotite paragneiss,"Corrigan, D., Culshaw, N.G. and Mortensen, K.J., 1994. Pre-Grenvillian evoultion and Grenvillian overprinting of the Parautochthonous Belt in Key Harbour, Ontario: U-Pb and field constraints; Canadian Journal of Earth Sciences, v. 31,  p. 583-596 ",2005-08-16 23:27:38
25,5537,41262,-17050,MAN 125 (BNS1),1040.0,2.0,2.0,U/Pb,Metamorphic,"2 fractions (abr), concordant to near concordant, ellipses just touch each other. Age is based all ages (U-Pb, Pb-Pb) as they overlap range defined by age / error.",Monazite,TIMS,Direct,Grenville Province,QC,51.663470000000004,-68.50784,E shore Manicougan reservoir.  The easting given in the paper is incorrect (plots ~1.5? too far west). New easting is approximate.,Tshenukutish terrane - Baie du Nord segment,Metamorphic,metapelite,"Indares, A. and Dunning, G., 2001. Partial melting of high-P-T metapelites from the Tshenukutish Terrane (Grenville Province): petrography and U-pb geochronology; Journal of Petrology, v. 42,  p. 1547-1565 ",2005-11-17 21:06:56
26,8174,17632,-11110,REN82a-28,1041.0,2.0,2.0,U/Pb,Metamorphic,"Single concordant fraction, age is 207Pb/206Pb age.",Monazite,TIMS,Direct,Grenville Province,ON,45.58052,-77.16591,No topographic reference given in report; located by UTM in appendix,"Central Metasedimentary Belt, Elzevir Terrane - unknown",Metamorphic,pelitic schist,"Mezger, K., Essene, E.J., van der Pluijm, B.A. and Halliday, A.N., 1993. U-Pb geochronology of the Grenville Orogen of Ontario and New York: constraints on ancient crustal tectonics; Contributions to Mineralogy and Petrology, v. 114,  p. 13-26 ",2005-09-09 21:58:50
27,5402,40758,-16886,7 Henrietta Isl,1046.0,2.0,2.0,U/Pb,Metamorphic,"4 fractions (lightly abr), concordant, fall into 2 distinct age groupings. This is 207Pb/206Pb age of one concordant fraction in the younger group. Unclear whether the spread in ages of this group is 2 punctuated events or prolonged contin. event.",Monazite,TIMS,Direct,Grenville Province,NL,54.062780000000004,-58.55389,"SW shore of Henrietta Island in Lake Melville, Labrador. Coordinates approximated from detailed sketch map in report.",Lake Melville Terrane - Henrietta Island metapelite,Metamorphic,metapelite: grt-bt-ky-sil-Kfs-pl-qtz-rt assemblage,"Corrigan, D., Rivers, T. and Dunning, G., 2000. U-Pb constraints for the plutonic and tectonometamorphic evolution of lake Melville terrane, Labrador and implications for basement reworking in the northeastern Grenville Province; Precambrian Research, v. 99,  p. 65-90 ",2005-08-07 17:03:52
28,17811,21660,6080,AG-98-1331A,1047.0,2.0,2.0,U/Pb,Metamorphic,Youngest of for concordant single monazite grains,Monazite,TIMS,Direct,Grenville Province,QC,50.6548,-65.29737,pres de Sept-Iles,Complexe de Manitou - Paragneiss a biotite-grenat-sillimanite-graphite,Metamorphic,paragneiss de Biotite-sillimanite-grenat-graphite ; gneissossite (syn-M2) defini par des couches de mobilisate et des lisses de biotite. L'echantillon contient egalement un tissu planaire axial (syn-M3 ?) defini par une deuxieme generation de biotite,"Wodicka, N., David, J., Parent, M., Gobeil, A. and Verpaelst, P., 2002. Geochronologie U-Pb et Pb-Pb de la region de Sept-Iles - Natashquan, Province de Grenville, Moyenne Cote-Nord; Geologie et ressources minerales de la partie est de la Province de Grenville; Edited by Daniel Brisebois et Thomas Clark,  p. 59-118 ",2004-12-14 11:40:04
29,5398,40754,-16888,9 metapelite,1047.0,4.0,4.0,U/Pb,Peak Metamorphic,"2 single-grain fractions (lightly abr), concordant and slightly reversely discordant, age is younger 207Pb/206Pb age of the concordant fraction. Other grain is 1046?4 Ma. Shows that high temps in upper part of thrust significantly outlasted those blw",Monazite,TIMS,Direct,Grenville Province,NL,54.21666999999999,-58.22083000000001,"S shore of Groswater Bay, E of Lester Pt shear zone, Labrador. Coordinates approximated from detailed sketch map in report.",Lake Melville Terrane - Rigolet Thrust,Metamorphic,"metapelite, from highest level of thrust: grt-bt-dy-Kfs(microperthite)-pl-qtz-ilm assemblage","Corrigan, D., Rivers, T. and Dunning, G., 2000. U-Pb constraints for the plutonic and tectonometamorphic evolution of lake Melville terrane, Labrador and implications for basement reworking in the northeastern Grenville Province; Precambrian Research, v. 99,  p. 65-90 ",2005-08-07 17:11:44
30,5527,41246,-17043,"HJ-57B, 57C, 58",1053.0,2.0,2.0,U/Pb,Metamorphic,"4 single-grain fractions from 3 samples, concordant to discordant, colinear. This age is weighted mean 207Pb/206Pb age of the 2 concordant overlapping grains (58C). Favoured over l.int. age (1055 ?5 Ma) due to higher precision.",Monazite,TIMS,Direct,Grenville Province,QC,51.302240000000005,-68.18443,E shore of Manicouagan reservoir. Sample sites identified as circled region of approx. 3 km; individual sites not identified.,"Berthe terrane - Gabriel Complex, Gabrielle High Shear Zone",Metamorphic,3 samples of anatectic metapelite,"Indares, A. and Dunning, G., 2004. Crustal architecture above the high-pressure belt of the Grenville Province in the Manicouagan area: new structural, petrologic and U-Pb age constraints; Precambrian Research, v. 130,  p. 199-228 ",2005-11-17 20:40:06
31,5401,40757,-16886,7 Henrietta Isl,1057.0,4.0,4.0,U/Pb,Metamorphic,"4 fractions (lightly abr), concordant, fall into 2 distinct age groupings. This is 207Pb/206Pb age of one concordant fraction in the younger group. Unclear whether the spread in ages of this group is 2 punctuated events or prolonged contin. event.",Monazite,TIMS,Direct,Grenville Province,NL,54.062780000000004,-58.55389,"SW shore of Henrietta Island in Lake Melville, Labrador. Coordinates approximated from detailed sketch map in report.",Lake Melville Terrane - Henrietta Island metapelite,Metamorphic,metapelite: grt-bt-ky-sil-Kfs-pl-qtz-rt assemblage,"Corrigan, D., Rivers, T. and Dunning, G., 2000. U-Pb constraints for the plutonic and tectonometamorphic evolution of lake Melville terrane, Labrador and implications for basement reworking in the northeastern Grenville Province; Precambrian Research, v. 99,  p. 65-90 ",2005-08-07 17:03:39
32,17810,21659,6080,AG-98-1331A,1063.0,2.0,2.0,U/Pb,Metamorphic,"Oldest of four single grain monazite analyses; two intermediate ages are 1058 ?2 Ma, and 1054 ?2 Ma",Monazite,TIMS,Direct,Grenville Province,QC,50.6548,-65.29737,pres de Sept-Iles,Complexe de Manitou - Paragneiss a biotite-grenat-sillimanite-graphite,Metamorphic,paragneiss de Biotite-sillimanite-grenat-graphite ; gneissossite (syn-M2) defini par des couches de mobilisate et des lisses de biotite. L'echantillon contient egalement un tissu planaire axial (syn-M3 ?) defini par une deuxieme generation de biotite,"Wodicka, N., David, J., Parent, M., Gobeil, A. and Verpaelst, P., 2002. Geochronologie U-Pb et Pb-Pb de la region de Sept-Iles - Natashquan, Province de Grenville, Moyenne Cote-Nord; Geologie et ressources minerales de la partie est de la Province de Grenville; Edited by Daniel Brisebois et Thomas Clark,  p. 59-118 ",2004-12-14 11:37:55
33,7675,17436,-10979,Huntsville orthogn,1068.0,5.0,5.0,U/Pb,Metamorphic,Preliminary age reported at conference; no analytical details provided. Information and age quality to be verified by user. Authors subsequently published ages from this study (CJES 1998) without this age; it may be of low reliability,Monazite,TIMS,Unverified,Grenville Province,ON,45.32505,-78.9998,Coordinates approximate.,"Central Gneiss Belt, Huntsville domain - Huntsville thrust sheet",Metamorphic,granitic orthogneiss,"Nadeau, L. and van Breeman, O., 1990. U-Pb ages of Middle Proterozoic deformation, metamorphism and plutonism, Huntsville region, southwestern Grenville orogen; Abitibi-Grenville Lithoprobe, Workshop, 31 October-2 November 1990, Abstract Volume,  p. 33-33 ",2005-10-18 23:23:54
34,7619,17509,-11021,SSA-12,1074.0,2.0,2.0,U/Pb,Metamorphic,"Single concordant fraction, age is 207Pb/206Pb age.",Monazite,TIMS,Direct,Grenville Province,ON,45.5872,-78.50004,No topographic reference given in report; located by UTM in appendix,"Central Metasedimentary Belt, Algonquin/McClintock terrane boundary - unknown",Metamorphic,gneiss,"Cosca, M.A., Sutter, J.F. and Essene, E.J., 1991. Late metamorphic cooling and erosion history of the Ontario Grenville Province: constraints from 40Ar/39Ar  thermochronometry; Tectonics, v. 10,  p. 959-977 OR/OU  Mezger, K., Essene, E.J., van der Pluijm, B.A. and Halliday, A.N., 1993. U-Pb geochronology of the Grenville Orogen of Ontario and New York: constraints on ancient crustal tectonics; Contributions to Mineralogy and Petrology, v. 114,  p. 13-26 ",2005-09-09 22:42:13
35,17846,21665,6081,AG-99-1311A,1076.0,4.0,4.0,U/Pb,Metamorphic,weighted mean age of three monazite analyse; 0.3 - 0.5% discordant ; single grains,Monazite,TIMS,Direct,Grenville Province,QC,50.853120000000004,-65.9413,pres de Sept-Iles,Complexe de Manitou - Paragneiss a biotite-grenat-sillimanite,Metamorphic,les paragneiss de Biotite-sillimanite-grenat ont ete metamorphose aux facies d'amphibolite mi a superieur.,"Wodicka, N., David, J., Parent, M., Gobeil, A. and Verpaelst, P., 2002. Geochronologie U-Pb et Pb-Pb de la region de Sept-Iles - Natashquan, Province de Grenville, Moyenne Cote-Nord; Geologie et ressources minerales de la partie est de la Province de Grenville; Edited by Daniel Brisebois et Thomas Clark,  p. 59-118 ",2004-12-14 13:34:10
36,7316,40734,-16867,DS-S99,1077.0,3.0,3.0,U/Pb,Peak Metamorphic,"2 fractions, near-concordant and overlapping. Age is mean 207Pb/206Pb age. Zircons also recovered, variety of populations, poor quality - not analyzed.",Monazite,TIMS,Direct,Grenville Province,NL,52.55222,-56.15778,"Alexis Bay, Labrador. Coordinates approximated from detailed sketch map in report relative to on-line digital mapping of NGS",Gilbert River Belt - Alexis Bay gneiss,Metamorphic,polydeformed granodioritic gneiss,"Scott, D.J., Machado, N., Hanmer, S. and Gariepy, C., 1993. Dating ductile deformation using U-Pb geochronology: examples from the Gilbert River Belt, Grenville Province, Labrador, Canada; Canadian Journal of Earth Sciences, v. 30,  p. 1458-1469 ",2005-08-05 20:50:45
37,5400,40756,-16886,7 Henrietta Isl,1088.0,3.0,3.0,U/Pb,Metamorphic,"4 fractions (lightly abr), concordant, fall into 2 distinct age groupings. This is older group of the two, mean 207Pb/206Pb age of two overlapping concordant fractions, early metamorphism. Protected from further metam- by incl. in garnet?",Monazite,TIMS,Direct,Grenville Province,NL,54.062780000000004,-58.55389,"SW shore of Henrietta Island in Lake Melville, Labrador. Coordinates approximated from detailed sketch map in report.",Lake Melville Terrane - Henrietta Island metapelite,Metamorphic,metapelite: grt-bt-ky-sil-Kfs-pl-qtz-rt assemblage,"Corrigan, D., Rivers, T. and Dunning, G., 2000. U-Pb constraints for the plutonic and tectonometamorphic evolution of lake Melville terrane, Labrador and implications for basement reworking in the northeastern Grenville Province; Precambrian Research, v. 99,  p. 65-90 ",2005-08-07 17:02:28
38,6322,41514,2806,90 NKD 35E,1092.0,1.0,1.0,U/Pb,Peak Metamorphic,"2 fractions (1 abr), concordant and v. near concordant, overlapping. Age is 207Pb/206Pb age of the concordant (abr) fraction. The other is within error at 1093 ?1 Ma. Monazites formed in host pelite during peak metam., assimilated by leucosome",Monazite,TIMS,Direct,Grenville Province,QC,46.517179999999996,-72.81925,Road cut on western side of HW 153 approx 1 km NE of Saint-Boniface-de-Shawinigan,"Allochthonous terranes, Shawinigan Domain - Peraluminous syntectonic leucosome",Sedimentary,Coarse-grained garnet-tourmal-sill peral leucosome in highly aluminous metaseds. Lineation outlined by pulled-apart tourmal crystals. Leucosomes pods form few cm to metres; variably strained.,"Corrigan, D. and van Breemen, O., 1997. U-Pb age constraints for the lithotectonic evolution of the Grenville Province along the Mauricie transect, Quebec; Canadian Journal of Earth Sciences, v. 34,  p. 299-316 ",2005-12-01 00:55:03
39,7618,17508,-11031,ALG85-1,1100.0,1.0,1.0,U/Pb,Metamorphic,"Single concordant fraction, age is 207Pb/206Pb age.",Monazite,TIMS,Direct,Grenville Province,ON,45.50595,-78.25401,No topographic reference given in report; located by UTM in appendix,"Central Metasedimentary Belt, Algonquin Terrane - unknown",Metamorphic,pelitic schist,"Mezger, K., Essene, E.J., van der Pluijm, B.A. and Halliday, A.N., 1993. U-Pb geochronology of the Grenville Orogen of Ontario and New York: constraints on ancient crustal tectonics; Contributions to Mineralogy and Petrology, v. 114,  p. 13-26 ",2005-09-09 20:16:09
40,17847,21666,6081,AG-99-1311A,1100.0,2.0,2.0,U/Pb,Metamorphic,Single concordant analysis,Monazite,TIMS,Direct,Grenville Province,QC,50.853120000000004,-65.9413,pres de Sept-Iles,Complexe de Manitou - Paragneiss a biotite-grenat-sillimanite,Metamorphic,les paragneiss de Biotite-sillimanite-grenat ont ete metamorphose aux facies d'amphibolite mi a superieur.,"Wodicka, N., David, J., Parent, M., Gobeil, A. and Verpaelst, P., 2002. Geochronologie U-Pb et Pb-Pb de la region de Sept-Iles - Natashquan, Province de Grenville, Moyenne Cote-Nord; Geologie et ressources minerales de la partie est de la Province de Grenville; Edited by Daniel Brisebois et Thomas Clark,  p. 59-118 ",2004-12-14 13:38:29
41,8211,17568,-11072,C-94-14,1148.0,4.0,4.0,U/Pb,Metamorphic,"Single concordant fraction, age is 207Pb/206 Pb age.",Monazite,TIMS,Direct,Grenville Province,ON,45.185390000000005,-76.25423,Approx. 3 km SW of Almonte.,Frontenac terrane - Wolf Grove structure,Metamorphic,medium- to coarse-grained migmatitic gneiss layer of overall granodioritic composition,"Corfu, F. and Easton, R.M., 1997. Sharbot Lake terrane and its relationships to Frontenac terrane, Central Metasedimentary Belt, Grenville Orogen: new insights from U-Pb geochronology; Canadian Journal of Earth Sciences, v. 34,  p. 1239-1257 ",2005-08-16 21:16:58
42,7659,17517,-11039,91-19,1157.0,1.0,1.0,U/Pb,Metamorphic,"Single concordant (>0.1%) fraction, age is 207Pb/206Pb age.",Monazite,TIMS,Direct,Grenville Province,ON,45.48016,-79.95577,No topographic description.,Mesoproterozoic Composite Arc allochthon - Parry Sound domain,Metamorphic,metapelitic gneiss,"Tuccillo, M.E., Mezger, K., Essene, E.J. and van der Pluijm, B.A., 1992. Thermobarometry, geochronology and the interpretation of P-T-t data in the Britt domain, Ontario Grenville Orogen, Canada; Journal of Petrology, v. 33,  p. 1225-1259 ",2005-08-16 20:51:26
43,9311,17784,2404,RF91-4,1157.5,2.5,2.5,U/Pb,Peak Metamorphic,"3 single-grain fractions of metamorphic monazite, cluster near concordia (partly overlap it and each other). Age is range of 207Pb/206Pb and U-Pb ages.",Monazite,TIMS,Estimate,Grenville Province,QC,46.055609999999994,-74.92186,"At village of .Lac Simon at SE end of Lac des Trois, ontagnes.  Coordinates from sketch map. Note that lab records have some distance away from this at 46-09-12N 74-55-20W; report taken as correct.","Mont-Laurier terrane, Central Metasedimentary Belt - Grenville Supergroup",Metamorphic,metapelite: tourmaline-rich garnet-kyanite-sillimanite-biotite K-feldspar aluminous gneiss,"Friedman, R.M. and Martignole, J., 1995. Mesoproterozoic sedimentation, magmatism, and metamorphism in the southern part of the Grenville Province (Western Quebec): U-Pb geochronological constraints; Canadian Journal of Earth Sciences, v. 32,  p. 2103-2114 ",2005-08-07 17:56:54
44,14708,45722,-18640,1998-JN-2032A,1158.9,2.1,2.1,Pb/Pb,Metamorphic,None,Monazite,TIMS,Direct,Grenville Province,QC,46.83809,-75.48250999999999,None,"[mpro]bet3 | Mesoproterozoique, Suite intrusive de Bethune",Metamorphic,Gneiss: Gneiss monzogranitique,"Davis, D.W., Nantel, S., 2016. Datations U-Pb dans la partie nord de la Ceinture centrale des metasediments, Province de Grenville, region de Mont-Laurier,  p. 52 ",2017-02-02 15:08:36
45,8697,17788,-11228,1b MLt,1162.0,5.0,5.0,U/Pb,Metamorphic,"5 fractions (4 single-grain), all concordant to near-concordant over 1166 to 1138 (interval of metamorphism). 3 have high degree of overlap; age is range of 207Pb/206Pb ages of the 3.",Monazite,TIMS,Estimate,Grenville Province,QC,46.055609999999994,-74.92186,From eastern part of terrane. Coordinates interpolated from regional-scale sketch map in report.,Mont-Laurier terrane - unknown,Metamorphic,fine-grained pink (quartz microcline hornblende magnetite) alaskitic gneiss,"Friedman, R.M. and Martignole, J., 1995. Mesoproterozoic sedimentation, magmatism, and metamorphism in the southern part of the Grenville Province (Western Quebec): U-Pb geochronological constraints; Canadian Journal of Earth Sciences, v. 32,  p. 2103-2114 ",2005-08-07 18:37:28
46,7384,17975,2406,RF91-17,1164.0,18.0,20.0,U/Pb,Metamorphic,"5 fractions (abr), concordant to slightly discordant (all < 1%), age is range of 207Pb/206Pb ages, representing the interval of metamorphism.",Monazite,TIMS,Estimate,Grenville Province,QC,47.23757,-76.4755,"Along road to Cabonga Dam, east of the reservoir, about 500m SE of Lac Hogen.",Reservoir Cabonga terrane - Grenville Supergroup,Metamorphic,"grt-sil gneiss, presumed pelitic protolith","Friedman, R.M. and Martignole, J., 1995. Mesoproterozoic sedimentation, magmatism, and metamorphism in the southern part of the Grenville Province (Western Quebec): U-Pb geochronological constraints; Canadian Journal of Earth Sciences, v. 32,  p. 2103-2114 ",2005-08-07 18:10:00
47,9032,18412,1504,88DUD 01,1442.0,1.3,1.3,U/Pb,Metamorphic,"2 fractions analyzed, age is 207Pb/206Pb age of older of the two concordant single-grain fractions. Other one has 7/6 age of 1440 ?2 Ma. Zircon also analyzed; discordant, scattered: not resolvable into an age.",Monazite,TIMS,Direct,Grenville Province,ON,46.09579,-81.1176,"Highway 637, 0.9 km E of bridge over Mahzenazing River","Grenville Province - unknown gneiss, hosts Sudbury Dykes",Metamorphic,biotite garnet schist with coarse (>1 cm) garnet porphyroblasts,"Dudas, F.O., Davidson, A. and Bethune, K.M., 1994. Age of the Sudbury diabase dykes and their metamorphism in the Grenville Province, Ontario; Radiogenic Age and Isotopic Studies: Report 8; Geological Survey of Canada Paper 94-F,  p. 97-106 ",2005-09-15 00:39:26
48,9033,18413,1610,88DUD 07,1447.0,1.2,1.2,U/Pb,Metamorphic,"3 fractions analyzed, one is fully concordant at the age (207Pb/206Pb age). Other two, and 4 fractions of zircon, are all discordant, scattered.",Monazite,TIMS,Estimate,Grenville Province,ON,46.13568,-80.99793000000001,Highway 637 between Attlee and Broker lakes,"Grenville Province - unknown gneiss, hosts Sudbury Dykes",Metamorphic,"fine-grained quartzofeldspathic gneiss with garnet, but no biotite","Dudas, F.O., Davidson, A. and Bethune, K.M., 1994. Age of the Sudbury diabase dykes and their metamorphism in the Grenville Province, Ontario; Radiogenic Age and Isotopic Studies: Report 8; Geological Survey of Canada Paper 94-F,  p. 97-106 ",2005-09-15 00:41:24
49,5399,40755,-16887,8 metapelite,1610.0,4.0,4.0,U/Pb,Metamorphic,"2 single-grain fractions (lightly abr), slightly discordant, age is younger 207Pb/206Pb age of the two, with error expanded to include the other fraction (7/6Pb age of 1612 ?5 Ma)",Monazite,TIMS,Direct,Grenville Province,NL,54.247780000000006,-58.25861,"SW shore of Groswater Lake, Labrador. Coordinates approximated from detailed sketch map in report.",Lake Melville Terrane - Rigolet Thrust,Metamorphic,"metapelite, from central level of thrust: grt-bt-dy-Kfs(microperthite)-pl-qtz-ilm assemblage","Corrigan, D., Rivers, T. and Dunning, G., 2000. U-Pb constraints for the plutonic and tectonometamorphic evolution of lake Melville terrane, Labrador and implications for basement reworking in the northeastern Grenville Province; Precambrian Research, v. 99,  p. 65-90 ",2005-08-07 17:07:00
50,6440,40648,-16799,4 LJT leucosome,1636.0,6.0,5.0,U/Pb,Metamorphic,"4 fractions (2 abr), 3 are near-conc to discordant and colinear, the 4th is off trend. Age is upper intercept of regression through the 3 points p.o.f.= 66%, with l.int. constrained at 1000 ?100 to improve error (from 1637+188/-145 Ma)",Monazite,TIMS,Direct,Grenville Province,NL,52.85,-65.15,Western Labrador. Coordinates approximated from regional-scale sketch map in report; poorly constrained,Lac Joseph Terrane - unknown,Metamorphic,"N2 leucosome, dominated by K-feldspar, plagioclase and quartz, with minor component of restite","Connelly, J.N. and Heaman, L.M., 1993. U-Pb geochronological constraints on the tectonic evolution of the Grenville Province, western Labrador; Precambrian Research, v. 63,  p. 123-142 ",2005-08-05 18:56:32
51,6339,40647,-16798,3 LJT Leucosome,1660.0,8.0,6.0,U/Pb,Metamorphic,"4 fractions (3 abr), 3 are slightly disc to discordant and colinear, the 4th is reversely discordant. Age is upper intercept of regression through the 3 points p.o.f.= 58%, with l.int. constrained at 1000 ?100 to improve error (from 1663 +160/-10 Ma)",Monazite,TIMS,Direct,Grenville Province,NL,52.85,-65.15,Western Labrador. Coordinates approximated from regional-scale sketch map in report; poorly constrained,Lac Joseph Terrane - unknown,Metamorphic,"N1 leucosomes, dominated by K-feldspar, plagioclase and quartz, with minor component of restite","Connelly, J.N. and Heaman, L.M., 1993. U-Pb geochronological constraints on the tectonic evolution of the Grenville Province, western Labrador; Precambrian Research, v. 63,  p. 123-142 ",2005-08-05 18:56:47
52,8838,19109,-12027,Location 4,2643.0,5.0,5.0,U/Pb,Peak Metamorphic,"2 fractions, (1 abr), discordant (3% and 6%), age is upper intercept of line projected from Grenvillian lower intercept (set at 1000 Ga). Dates granulite-facies metamorphism.",Monazite,TIMS,Estimate,Grenville Province,QC,47.60008,-77.0997,"Val d'Or area, from a quarry approx. 30 km SE of the front. Coordinates approximated from regional-scale sketch map in report.",Grenville Front Tectonic Zone - unknown,Plutonic,orthopyroxene-bearing pegmatitic patch (meter-wide) in heterogeneous granulite gneiss,"Krogh, T.E., 1994. Precise U-Pb ages for Grenvillian and pre-Grenvillian thrusting of Proterozoic and Archean metamorphic assemblages in the Grenville Front tectonic zone, Canada; Tectonics, v. 13,  p. 963-982 ",2005-09-15 01:55:22
53,7446,18004,-11338,C Charnockite,2652.0,6.0,6.0,U/Pb,Metamorphic,"Preliminary age (Lithoprobe 1990), carried over from previous compilation; not verified. User to confirm age information and/or quality.",Monazite,TIMS,Unverified,Grenville Province,QC,47.67675,-77.27055,On Hwy 17 between Val D'or and Mont Laurier. Coordinates approximated from small sketch map in report.,Grenville Front Tectonic Zone - X terrane,Metamorphic,Granite gneiss,"Gariepy, C., Verner, D. and Doig, R., 1990. Dating Archean metamorphic minerals southeast of the Grenville Front, western Quebec, using Pb isotopes; Geology, v. 18,  p. 1078-1081 OR/OU  Philippe, S., Gariepy, C., Doig, R. and Childe, F., 1990. U-Pb geochronology of late Archean monazites south of the Grenville Front, western Quebec; in Abitibi-Grenville Transect, Lithoprobe, Programme et Resumes, 1990, Montreal, not paginated ",2005-09-30 19:42:00
